{
  "weight_ih": {
    "rows": 20,
    "cols": 9,
    "data": [
      [
        -0.8699009653634936,
        0.40428054253992896,
        0.24319264720453307,
        -0.7231916355249854,
        0.08125303414453075,
        0.6824894259856731,
        -0.8671509621873981,
        -0.7136902649944208,
        -0.6151044326860351
      ],
      [
        -0.5703971491059202,
        -1,
        0.13342938699793017,
        -0.3914004491148105,
        0.950853033718278,
        -0.15960198622492688,
        0.21704943204683327,
        0.22295794724712756,
        -1
      ],
      [
        0.463391810226738,
        -0.4107763957593167,
        1,
        0.11359236849334331,
        0.5380848264714115,
        0.8204422790771598,
        0.38643762500226275,
        0.5863068970222202,
        0.15187976103676332
      ],
      [
        -0.1454245848856046,
        -0.37070452434237655,
        0.7951476530118121,
        1,
        0.9052504633329004,
        -0.7079599843667309,
        -1,
        0.400412946560615,
        -0.017434753777707618
      ],
      [
        -0.2630801447817186,
        -0.46886182974955637,
        -0.3217335212734108,
        0.9694199703256958,
        0.2123161864843002,
        -0.437237291872854,
        -0.9551499879449032,
        0.6111138540322256,
        0.05582981684716748
      ],
      [
        -0.26733634781922644,
        0.6866928056068351,
        -0.38654626844507456,
        -0.5280561763311922,
        0.9896471294371825,
        0.8755964585997799,
        0.19703586458356803,
        0.35734825558685424,
        -0.19182943478910497
      ],
      [
        0.02833940155821435,
        -0.4849099265355785,
        1,
        0.2268853519205436,
        0.9712853272635716,
        0.8885522047888594,
        -0.9040881763032333,
        -1,
        -0.014916092348813859
      ],
      [
        0.3155314339567501,
        0.5051317427866593,
        -0.11449360985112311,
        -0.7938450065070164,
        -0.3896411779595227,
        -0.3563465499147922,
        -0.42789541411564047,
        0.48042098397710653,
        -0.25676279342594116
      ],
      [
        -0.9331825118865497,
        -0.11310574481084146,
        -0.7701887033626265,
        0.3206421143034529,
        -0.3061314623014872,
        -0.08687833536628169,
        1,
        -0.3733196414530524,
        0.9117379853696774
      ],
      [
        0.515527772640025,
        0.6460988279308038,
        -0.597087189540338,
        0.08503367351405133,
        -0.796402424366033,
        0.45230604086014276,
        0.49333471330213224,
        -0.623374658598935,
        -0.4719917934778254
      ],
      [
        -0.6468369057235828,
        -0.5138776718035158,
        0.0542165942033469,
        0.3397122950379066,
        -0.20283297509821124,
        0.3493663337930423,
        0.1363861031135139,
        -0.5468212856711221,
        0.30820769430299594
      ],
      [
        -0.17460976307422937,
        -0.8726034632693022,
        -0.9920929179318609,
        -0.5948693045845825,
        -0.2784269142568146,
        -0.473996036724968,
        1,
        0.026573283214308185,
        -1
      ],
      [
        -0.4379336281928048,
        0.6810269386822129,
        0.4063661637641939,
        0.5625938372145423,
        -0.9752530387409357,
        -0.009261369686029253,
        -0.15734804144818137,
        -0.993253990126891,
        -0.28077548568149163
      ],
      [
        0.19906654689942732,
        0.07445398214094584,
        0.09957105605087636,
        0.07330524051473475,
        -0.563326359774674,
        -1,
        -0.397575521372715,
        0.08816574184887718,
        -0.24628164292213917
      ],
      [
        0.06814454603315917,
        0.33686552798675784,
        0.333011904239489,
        0.5288243139429233,
        0.4591883239192361,
        -0.639099254128161,
        -0.5890742048894693,
        -1,
        0.4607982245003406
      ],
      [
        -0.10471041482684382,
        1,
        0.627538294988621,
        0.01699471852090667,
        -0.9579132815600557,
        -0.10793949254397822,
        0.4994505059689146,
        -1,
        -0.8907386061829015
      ],
      [
        0.6362733525969713,
        -0.3944079289599633,
        0.6427070220644591,
        -0.5575402304697015,
        -1,
        -0.31157025992454923,
        -0.009891754573532592,
        1,
        -0.46195104802749265
      ],
      [
        0.47566147530677405,
        0.4607772652381483,
        -0.48155595349048264,
        -1,
        0.8101200543812537,
        -0.4084339444881155,
        -0.7176626331539959,
        0.9847647229355898,
        -0.7303917389366232
      ],
      [
        -0.6275587382251726,
        0.02429556441549846,
        -0.35889567818564894,
        0.6142918036740297,
        -0.6816049133155504,
        -0.5947264678570499,
        -0.46228802124596446,
        0.5959603212841871,
        0.3426994496672533
      ],
      [
        0.27603844476925865,
        -0.36030426488864187,
        0.3322724637856737,
        -0.34248940870081596,
        0.6313012049468614,
        -0.7715587403872967,
        -1,
        -0.7719623923321206,
        0.24234832371862636
      ]
    ]
  },
  "weight_hh": {
    "rows": 20,
    "cols": 21,